<?xml version="1.0" encoding="UTF-8"?>
<dashboardModelResource exportedWithPermissions="true">
    <folder>/public/Samples/Dashboards</folder>
    <name>Filtered_Dashboard</name>
    <version>7</version>
    <label>Filtered Dashboard</label>
    <description>Visualize.js example: Using cascading controls with a dashboard</description>
    <creationDate>2015-12-23T15:17:57.912-08:00</creationDate>
    <updateDate>2015-12-30T10:19:27.642-08:00</updateDate>
    <defaultFoundation>default</defaultFoundation>
    <foundation>
        <id>default</id>
        <layout>layout</layout>
        <wiring>wiring</wiring>
        <components>components</components>
    </foundation>
    <resourceDescriptor>
        <type>wiring</type>
        <id>wiring</id>
    </resourceDescriptor>
    <resourceDescriptor>
        <type>layout</type>
        <id>layout</id>
    </resourceDescriptor>
    <resourceDescriptor>
        <type>components</type>
        <id>components</id>
    </resourceDescriptor>
    <resourceDescriptor>
        <type>adhocDataView</type>
        <id>/temp/tmpAdv_1450912300382_yqzn</id>
    </resourceDescriptor>
    <resource>
        <localResource
            xmlns:xsi="http://www.w3.org/2001/XMLSchema-instance"
            exportedWithPermissions="false" dataFile="wiring.data" xsi:type="fileResource">
            <folder>/public/Samples/Dashboards/Filtered_Dashboard_files</folder>
            <name>wiring</name>
            <version>1</version>
            <label>wiring</label>
            <creationDate>2015-12-30T10:19:27.642-08:00</creationDate>
            <updateDate>2015-12-30T10:19:27.642-08:00</updateDate>
            <fileType>json</fileType>
        </localResource>
    </resource>
    <resource>
        <localResource
            xmlns:xsi="http://www.w3.org/2001/XMLSchema-instance"
            exportedWithPermissions="false" dataFile="layout" xsi:type="contentResource">
            <folder>/public/Samples/Dashboards/Filtered_Dashboard_files</folder>
            <name>layout</name>
            <version>1</version>
            <label>layout</label>
            <creationDate>2015-12-30T10:19:27.642-08:00</creationDate>
            <updateDate>2015-12-30T10:19:27.642-08:00</updateDate>
            <fileType>html</fileType>
        </localResource>
    </resource>
    <resource>
        <localResource
            xmlns:xsi="http://www.w3.org/2001/XMLSchema-instance"
            exportedWithPermissions="false" dataFile="components.data" xsi:type="fileResource">
            <folder>/public/Samples/Dashboards/Filtered_Dashboard_files</folder>
            <name>components</name>
            <version>1</version>
            <label>components</label>
            <creationDate>2015-12-30T10:19:27.642-08:00</creationDate>
            <updateDate>2015-12-30T10:19:27.642-08:00</updateDate>
            <fileType>dashboardComponent</fileType>
        </localResource>
    </resource>
    <resource>
        <localResource
            xmlns:xsi="http://www.w3.org/2001/XMLSchema-instance"
            exportedWithPermissions="false" xsi:type="adhocDataView">
            <folder>/public/Samples/Dashboards/Filtered_Dashboard_files</folder>
            <name>tmpAdv_1450912300382_yqzn</name>
            <version>1</version>
            <label>tmpAdv_1450912300382_yqzn</label>
            <description>Dashboard visualization.</description>
            <creationDate>2015-12-30T10:19:27.642-08:00</creationDate>
            <updateDate>2015-12-30T10:19:27.642-08:00</updateDate>
            <dataSource>
                <uri>/public/Samples/Domains/supermartDomain</uri>
            </dataSource>
            <inputControl>
                <localResource exportedWithPermissions="false" xsi:type="inputControl">
                    <folder>/public/Samples/Dashboards/Filtered_Dashboard_files/tmpAdv_1450912300382_yqzn_files</folder>
                    <name>product_family_1</name>
                    <version>0</version>
                    <label>$R{supermart.product_class.product_family.label}</label>
                    <creationDate>2015-12-30T10:19:27.642-08:00</creationDate>
                    <updateDate>2015-12-30T10:19:27.642-08:00</updateDate>
                    <type>4</type>
                    <mandatory>false</mandatory>
                    <readOnly>false</readOnly>
                    <visible>true</visible>
                    <query>
                        <localResource exportedWithPermissions="false" xsi:type="query">
                            <folder>/public/Samples/Dashboards/Filtered_Dashboard_files/tmpAdv_1450912300382_yqzn_files/product_family_1_files</folder>
                            <name>product_family_1</name>
                            <version>0</version>
                            <label>$R{supermart.product_class.product_family.label}</label>
                            <creationDate>2015-12-30T10:19:27.642-08:00</creationDate>
                            <updateDate>2015-12-30T10:19:27.642-08:00</updateDate>
                            <language>domain</language>
                            <queryString>&lt;?xml version="1.0" encoding="UTF-8"?&gt;
&lt;query xmlns="http://www.jaspersoft.com/2007/SL/XMLSchema"&gt;
  &lt;groupList&gt;
    &lt;group columnName="sales_fact_ALL.sales__product.product_class.product_family" /&gt;
  &lt;/groupList&gt;
  &lt;queryFields&gt;
    &lt;queryField id="sales_fact_ALL.sales__product.product_class.product_family" /&gt;
    &lt;queryField id="product_class1.product_family" /&gt;
  &lt;/queryFields&gt;
&lt;/query&gt;

</queryString>
                            <dataSource>
                                <uri>/public/Samples/Domains/supermartDomain</uri>
                            </dataSource>
                        </localResource>
                    </query>
                    <queryVisibleColumn>sales_fact_ALL.sales__product.product_class.product_family</queryVisibleColumn>
                    <queryValueColumn>sales_fact_ALL.sales__product.product_class.product_family</queryValueColumn>
                </localResource>
            </inputControl>
            <inputControl>
                <localResource exportedWithPermissions="false" xsi:type="inputControl">
                    <folder>/public/Samples/Dashboards/Filtered_Dashboard_files/tmpAdv_1450912300382_yqzn_files</folder>
                    <name>product_department_1</name>
                    <version>0</version>
                    <label>$R{supermart.product_class.product_department.label}</label>
                    <creationDate>2015-12-30T10:19:27.642-08:00</creationDate>
                    <updateDate>2015-12-30T10:19:27.642-08:00</updateDate>
                    <type>4</type>
                    <mandatory>false</mandatory>
                    <readOnly>false</readOnly>
                    <visible>true</visible>
                    <query>
                        <localResource exportedWithPermissions="false" xsi:type="query">
                            <folder>/public/Samples/Dashboards/Filtered_Dashboard_files/tmpAdv_1450912300382_yqzn_files/product_department_1_files</folder>
                            <name>product_department_1</name>
                            <version>0</version>
                            <label>$R{supermart.product_class.product_department.label}</label>
                            <creationDate>2015-12-30T10:19:27.642-08:00</creationDate>
                            <updateDate>2015-12-30T10:19:27.642-08:00</updateDate>
                            <language>domain</language>
                            <queryString>&lt;?xml version="1.0" encoding="UTF-8"?&gt;
&lt;query xmlns="http://www.jaspersoft.com/2007/SL/XMLSchema"&gt;
  &lt;groupList&gt;
    &lt;group columnName="sales_fact_ALL.sales__product.product_class.product_department" /&gt;
  &lt;/groupList&gt;
  &lt;queryFields&gt;
    &lt;queryField id="sales_fact_ALL.sales__product.product_class.product_department" /&gt;
    &lt;queryField id="product_class1.product_department" /&gt;
  &lt;/queryFields&gt;
&lt;/query&gt;

</queryString>
                            <dataSource>
                                <uri>/public/Samples/Domains/supermartDomain</uri>
                            </dataSource>
                        </localResource>
                    </query>
                    <queryVisibleColumn>sales_fact_ALL.sales__product.product_class.product_department</queryVisibleColumn>
                    <queryValueColumn>sales_fact_ALL.sales__product.product_class.product_department</queryValueColumn>
                </localResource>
            </inputControl>
            <inputControl>
                <localResource exportedWithPermissions="false" xsi:type="inputControl">
                    <folder>/public/Samples/Dashboards/Filtered_Dashboard_files/tmpAdv_1450912300382_yqzn_files</folder>
                    <name>product_category_1</name>
                    <version>0</version>
                    <label>$R{supermart.product_class.product_category.label}</label>
                    <creationDate>2015-12-30T10:19:27.642-08:00</creationDate>
                    <updateDate>2015-12-30T10:19:27.642-08:00</updateDate>
                    <type>7</type>
                    <mandatory>false</mandatory>
                    <readOnly>false</readOnly>
                    <visible>true</visible>
                    <query>
                        <localResource exportedWithPermissions="false" xsi:type="query">
                            <folder>/public/Samples/Dashboards/Filtered_Dashboard_files/tmpAdv_1450912300382_yqzn_files/product_category_1_files</folder>
                            <name>product_category_1</name>
                            <version>0</version>
                            <label>$R{supermart.product_class.product_category.label}</label>
                            <creationDate>2015-12-30T10:19:27.642-08:00</creationDate>
                            <updateDate>2015-12-30T10:19:27.642-08:00</updateDate>
                            <language>domain</language>
                            <queryString>&lt;?xml version="1.0" encoding="UTF-8"?&gt;
&lt;query xmlns="http://www.jaspersoft.com/2007/SL/XMLSchema"&gt;
  &lt;groupList&gt;
    &lt;group columnName="sales_fact_ALL.sales__product.product_class.product_category" /&gt;
  &lt;/groupList&gt;
  &lt;queryFields&gt;
    &lt;queryField id="product_class1.product_category" /&gt;
    &lt;queryField id="sales_fact_ALL.sales__product.product_class.product_category" /&gt;
  &lt;/queryFields&gt;
&lt;/query&gt;

</queryString>
                            <dataSource>
                                <uri>/public/Samples/Domains/supermartDomain</uri>
                            </dataSource>
                        </localResource>
                    </query>
                    <queryVisibleColumn>sales_fact_ALL.sales__product.product_class.product_category</queryVisibleColumn>
                    <queryValueColumn>sales_fact_ALL.sales__product.product_class.product_category</queryValueColumn>
                </localResource>
            </inputControl>
            <inputControl>
                <localResource exportedWithPermissions="false" xsi:type="inputControl">
                    <folder>/public/Samples/Dashboards/Filtered_Dashboard_files/tmpAdv_1450912300382_yqzn_files</folder>
                    <name>sales__product__product_name_1</name>
                    <version>0</version>
                    <label>$R{supermart.product.product_name.label}</label>
                    <creationDate>2015-12-30T10:19:27.642-08:00</creationDate>
                    <updateDate>2015-12-30T10:19:27.642-08:00</updateDate>
                    <type>7</type>
                    <mandatory>false</mandatory>
                    <readOnly>false</readOnly>
                    <visible>true</visible>
                    <query>
                        <localResource exportedWithPermissions="false" xsi:type="query">
                            <folder>/public/Samples/Dashboards/Filtered_Dashboard_files/tmpAdv_1450912300382_yqzn_files/sales__product__product_name_1_files</folder>
                            <name>sales__product__product_name_1</name>
                            <version>0</version>
                            <label>$R{supermart.product.product_name.label}</label>
                            <creationDate>2015-12-30T10:19:27.642-08:00</creationDate>
                            <updateDate>2015-12-30T10:19:27.642-08:00</updateDate>
                            <language>domain</language>
                            <queryString>&lt;?xml version="1.0" encoding="UTF-8"?&gt;
&lt;query xmlns="http://www.jaspersoft.com/2007/SL/XMLSchema"&gt;
  &lt;groupList&gt;
    &lt;group columnName="sales_fact_ALL.sales__product.sales__product__product_name" /&gt;
  &lt;/groupList&gt;
  &lt;queryFields&gt;
    &lt;queryField id="product1.product_name" /&gt;
    &lt;queryField id="sales_fact_ALL.sales__product.sales__product__product_name" /&gt;
  &lt;/queryFields&gt;
&lt;/query&gt;

</queryString>
                            <dataSource>
                                <uri>/public/Samples/Domains/supermartDomain</uri>
                            </dataSource>
                        </localResource>
                    </query>
                    <queryVisibleColumn>sales_fact_ALL.sales__product.sales__product__product_name</queryVisibleColumn>
                    <queryValueColumn>sales_fact_ALL.sales__product.sales__product__product_name</queryValueColumn>
                </localResource>
            </inputControl>
            <resource>
                <localResource exportedWithPermissions="false"
                    dataFile="supermart_domain.properties.data" xsi:type="fileResource">
                    <folder>/public/Samples/Dashboards/Filtered_Dashboard_files/tmpAdv_1450912300382_yqzn_files</folder>
                    <name>supermart_domain.properties</name>
                    <version>0</version>
                    <label>bundle</label>
                    <description>bundle</description>
                    <creationDate>2015-12-30T10:19:27.642-08:00</creationDate>
                    <updateDate>2015-12-30T10:19:27.642-08:00</updateDate>
                    <fileType>prop</fileType>
                </localResource>
            </resource>
            <resource>
                <localResource exportedWithPermissions="false"
                    dataFile="supermart_domain_en_US.properties.data" xsi:type="fileResource">
                    <folder>/public/Samples/Dashboards/Filtered_Dashboard_files/tmpAdv_1450912300382_yqzn_files</folder>
                    <name>supermart_domain_en_US.properties</name>
                    <version>0</version>
                    <label>bundle</label>
                    <description>bundle</description>
                    <creationDate>2015-12-30T10:19:27.642-08:00</creationDate>
                    <updateDate>2015-12-30T10:19:27.642-08:00</updateDate>
                    <fileType>prop</fileType>
                </localResource>
            </resource>
            <resource>
                <localResource exportedWithPermissions="false"
                    dataFile="supermart_domain_es.properties.data" xsi:type="fileResource">
                    <folder>/public/Samples/Dashboards/Filtered_Dashboard_files/tmpAdv_1450912300382_yqzn_files</folder>
                    <name>supermart_domain_es.properties</name>
                    <version>0</version>
                    <label>bundle</label>
                    <description>bundle</description>
                    <creationDate>2015-12-30T10:19:27.642-08:00</creationDate>
                    <updateDate>2015-12-30T10:19:27.642-08:00</updateDate>
                    <fileType>prop</fileType>
                </localResource>
            </resource>
            <resource>
                <localResource exportedWithPermissions="false"
                    dataFile="supermart_domain_fr.properties.data" xsi:type="fileResource">
                    <folder>/public/Samples/Dashboards/Filtered_Dashboard_files/tmpAdv_1450912300382_yqzn_files</folder>
                    <name>supermart_domain_fr.properties</name>
                    <version>0</version>
                    <label>bundle</label>
                    <description>bundle</description>
                    <creationDate>2015-12-30T10:19:27.642-08:00</creationDate>
                    <updateDate>2015-12-30T10:19:27.642-08:00</updateDate>
                    <fileType>prop</fileType>
                </localResource>
            </resource>
            <resource>
                <localResource exportedWithPermissions="false"
                    dataFile="supermart_domain_ja.properties.data" xsi:type="fileResource">
                    <folder>/public/Samples/Dashboards/Filtered_Dashboard_files/tmpAdv_1450912300382_yqzn_files</folder>
                    <name>supermart_domain_ja.properties</name>
                    <version>0</version>
                    <label>bundle</label>
                    <description>bundle</description>
                    <creationDate>2015-12-30T10:19:27.642-08:00</creationDate>
                    <updateDate>2015-12-30T10:19:27.642-08:00</updateDate>
                    <fileType>prop</fileType>
                </localResource>
            </resource>
            <resource>
                <localResource exportedWithPermissions="false"
                    dataFile="supermart_domain_zh_CN.properties.data" xsi:type="fileResource">
                    <folder>/public/Samples/Dashboards/Filtered_Dashboard_files/tmpAdv_1450912300382_yqzn_files</folder>
                    <name>supermart_domain_zh_CN.properties</name>
                    <version>0</version>
                    <label>bundle</label>
                    <description>bundle</description>
                    <creationDate>2015-12-30T10:19:27.642-08:00</creationDate>
                    <updateDate>2015-12-30T10:19:27.642-08:00</updateDate>
                    <fileType>prop</fileType>
                </localResource>
            </resource>
            <resource>
                <localResource exportedWithPermissions="false"
                    dataFile="supermart_domain_de.properties.data" xsi:type="fileResource">
                    <folder>/public/Samples/Dashboards/Filtered_Dashboard_files/tmpAdv_1450912300382_yqzn_files</folder>
                    <name>supermart_domain_de.properties</name>
                    <version>0</version>
                    <label>bundle</label>
                    <description>bundle</description>
                    <creationDate>2015-12-30T10:19:27.642-08:00</creationDate>
                    <updateDate>2015-12-30T10:19:27.642-08:00</updateDate>
                    <fileType>prop</fileType>
                </localResource>
            </resource>
            <resource>
                <localResource exportedWithPermissions="false"
                    dataFile="topicJRXML.data" xsi:type="fileResource">
                    <folder>/public/Samples/Dashboards/Filtered_Dashboard_files/tmpAdv_1450912300382_yqzn_files</folder>
                    <name>topicJRXML</name>
                    <version>0</version>
                    <label>topicJRXML</label>
                    <creationDate>2015-12-30T10:19:27.642-08:00</creationDate>
                    <updateDate>2015-12-30T10:19:27.642-08:00</updateDate>
                    <fileType>jrxml</fileType>
                </localResource>
            </resource>
            <resource>
                <localResource exportedWithPermissions="false"
                    dataFile="stateXML.data" xsi:type="fileResource">
                    <folder>/public/Samples/Dashboards/Filtered_Dashboard_files/tmpAdv_1450912300382_yqzn_files</folder>
                    <name>stateXML</name>
                    <version>0</version>
                    <label>stateXML</label>
                    <creationDate>2015-12-30T10:19:27.642-08:00</creationDate>
                    <updateDate>2015-12-30T10:19:27.642-08:00</updateDate>
                    <fileType>xml</fileType>
                </localResource>
            </resource>
            <reports>
                <localResource exportedWithPermissions="false" xsi:type="reportUnit">
                    <folder>/public/Samples/Dashboards/Filtered_Dashboard_files/tmpAdv_1450912300382_yqzn_files</folder>
                    <name>dashboardReport</name>
                    <version>1</version>
                    <label>dashboardReport</label>
                    <creationDate>2015-12-30T10:19:27.642-08:00</creationDate>
                    <updateDate>2015-12-30T10:19:27.642-08:00</updateDate>
                    <mainReport>
                        <localResource exportedWithPermissions="false"
                            dataFile="mainReportJrxml.data" xsi:type="fileResource">
                            <folder>/public/Samples/Dashboards/Filtered_Dashboard_files/tmpAdv_1450912300382_yqzn_files/dashboardReport_files</folder>
                            <name>mainReportJrxml</name>
                            <version>0</version>
                            <label>mainReportJrxml</label>
                            <creationDate>2015-12-30T10:19:27.642-08:00</creationDate>
                            <updateDate>2015-12-30T10:19:27.642-08:00</updateDate>
                            <fileType>jrxml</fileType>
                        </localResource>
                    </mainReport>
                    <resource>
                        <localResource exportedWithPermissions="false"
                            dataFile="supermart_domain.properties.data" xsi:type="fileResource">
                            <folder>/public/Samples/Dashboards/Filtered_Dashboard_files/tmpAdv_1450912300382_yqzn_files/dashboardReport_files</folder>
                            <name>supermart_domain.properties</name>
                            <version>0</version>
                            <label>bundle</label>
                            <description>bundle</description>
                            <creationDate>2015-12-30T10:19:27.642-08:00</creationDate>
                            <updateDate>2015-12-30T10:19:27.642-08:00</updateDate>
                            <fileType>prop</fileType>
                        </localResource>
                    </resource>
                    <resource>
                        <localResource exportedWithPermissions="false"
                            dataFile="supermart_domain_en_US.properties.data" xsi:type="fileResource">
                            <folder>/public/Samples/Dashboards/Filtered_Dashboard_files/tmpAdv_1450912300382_yqzn_files/dashboardReport_files</folder>
                            <name>supermart_domain_en_US.properties</name>
                            <version>0</version>
                            <label>bundle</label>
                            <description>bundle</description>
                            <creationDate>2015-12-30T10:19:27.642-08:00</creationDate>
                            <updateDate>2015-12-30T10:19:27.642-08:00</updateDate>
                            <fileType>prop</fileType>
                        </localResource>
                    </resource>
                    <resource>
                        <localResource exportedWithPermissions="false"
                            dataFile="supermart_domain_es.properties.data" xsi:type="fileResource">
                            <folder>/public/Samples/Dashboards/Filtered_Dashboard_files/tmpAdv_1450912300382_yqzn_files/dashboardReport_files</folder>
                            <name>supermart_domain_es.properties</name>
                            <version>0</version>
                            <label>bundle</label>
                            <description>bundle</description>
                            <creationDate>2015-12-30T10:19:27.642-08:00</creationDate>
                            <updateDate>2015-12-30T10:19:27.642-08:00</updateDate>
                            <fileType>prop</fileType>
                        </localResource>
                    </resource>
                    <resource>
                        <localResource exportedWithPermissions="false"
                            dataFile="supermart_domain_fr.properties.data" xsi:type="fileResource">
                            <folder>/public/Samples/Dashboards/Filtered_Dashboard_files/tmpAdv_1450912300382_yqzn_files/dashboardReport_files</folder>
                            <name>supermart_domain_fr.properties</name>
                            <version>0</version>
                            <label>bundle</label>
                            <description>bundle</description>
                            <creationDate>2015-12-30T10:19:27.642-08:00</creationDate>
                            <updateDate>2015-12-30T10:19:27.642-08:00</updateDate>
                            <fileType>prop</fileType>
                        </localResource>
                    </resource>
                    <resource>
                        <localResource exportedWithPermissions="false"
                            dataFile="supermart_domain_ja.properties.data" xsi:type="fileResource">
                            <folder>/public/Samples/Dashboards/Filtered_Dashboard_files/tmpAdv_1450912300382_yqzn_files/dashboardReport_files</folder>
                            <name>supermart_domain_ja.properties</name>
                            <version>0</version>
                            <label>bundle</label>
                            <description>bundle</description>
                            <creationDate>2015-12-30T10:19:27.642-08:00</creationDate>
                            <updateDate>2015-12-30T10:19:27.642-08:00</updateDate>
                            <fileType>prop</fileType>
                        </localResource>
                    </resource>
                    <resource>
                        <localResource exportedWithPermissions="false"
                            dataFile="supermart_domain_zh_CN.properties.data" xsi:type="fileResource">
                            <folder>/public/Samples/Dashboards/Filtered_Dashboard_files/tmpAdv_1450912300382_yqzn_files/dashboardReport_files</folder>
                            <name>supermart_domain_zh_CN.properties</name>
                            <version>0</version>
                            <label>bundle</label>
                            <description>bundle</description>
                            <creationDate>2015-12-30T10:19:27.642-08:00</creationDate>
                            <updateDate>2015-12-30T10:19:27.642-08:00</updateDate>
                            <fileType>prop</fileType>
                        </localResource>
                    </resource>
                    <resource>
                        <localResource exportedWithPermissions="false"
                            dataFile="supermart_domain_de.properties.data" xsi:type="fileResource">
                            <folder>/public/Samples/Dashboards/Filtered_Dashboard_files/tmpAdv_1450912300382_yqzn_files/dashboardReport_files</folder>
                            <name>supermart_domain_de.properties</name>
                            <version>0</version>
                            <label>bundle</label>
                            <description>bundle</description>
                            <creationDate>2015-12-30T10:19:27.642-08:00</creationDate>
                            <updateDate>2015-12-30T10:19:27.642-08:00</updateDate>
                            <fileType>prop</fileType>
                        </localResource>
                    </resource>
                    <resource>
                        <localResource exportedWithPermissions="false"
                            dataFile="stateXML.data" xsi:type="fileResource">
                            <folder>/public/Samples/Dashboards/Filtered_Dashboard_files/tmpAdv_1450912300382_yqzn_files/dashboardReport_files</folder>
                            <name>stateXML</name>
                            <version>0</version>
                            <label>stateXML</label>
                            <creationDate>2015-12-30T10:19:27.642-08:00</creationDate>
                            <updateDate>2015-12-30T10:19:27.642-08:00</updateDate>
                            <fileType>xml</fileType>
                        </localResource>
                    </resource>
                    <alwaysPromptControls>false</alwaysPromptControls>
                    <controlsLayout>1</controlsLayout>
                </localResource>
            </reports>
            <alwaysPromptControls>false</alwaysPromptControls>
            <controlsLayout>1</controlsLayout>
        </localResource>
    </resource>
</dashboardModelResource>
